label,family,epochs,encoding,test_acc,test_loss,test_spike_count
SCNN base,SCNN,baseline,delta,0.3459963002114165,2.867957787584301,36.90188953488372
SCNN deep,SCNN,baseline,delta,0.04162262156448203,3.1780545711517334,0.0
Event2Vec 5e,Event2Vec,5,delta,0.5304232949184047,1.4868405129937898,142.750661277771
Event2Vec 50e,Event2Vec,50,delta,0.7236772671341896,0.8902357532554084,142.750661277771
