label,family,epochs,encoding,test_acc,test_loss,test_spike_count
SCNN base,SCNN,baseline,latency,0.22370507399577166,2.954198223843887,53.5117600422833
SCNN deep,SCNN,baseline,latency,0.32954545454545453,2.785455818156107,49.95732029598309
Event2Vec 5e,Event2Vec,5,latency,0.7167019027484144,0.908951569781747,341.1333245243129
Event2Vec 50e,Event2Vec,50,latency,0.9557346723044398,0.15892007405107672,341.1333245243129
