{
  "total": 1675,
  "correct": 177,
  "accuracy": 0.10567164179104478,
  "per_class": {
    "a": {
      "total": 70,
      "correct": 8,
      "accuracy": 0.11428571428571428
    },
    "b": {
      "total": 70,
      "correct": 15,
      "accuracy": 0.21428571428571427
    },
    "c": {
      "total": 70,
      "correct": 0,
      "accuracy": 0.0
    },
    "d": {
      "total": 70,
      "correct": 0,
      "accuracy": 0.0
    },
    "e": {
      "total": 70,
      "correct": 19,
      "accuracy": 0.2714285714285714
    },
    "f": {
      "total": 70,
      "correct": 9,
      "accuracy": 0.12857142857142856
    },
    "g": {
      "total": 70,
      "correct": 1,
      "accuracy": 0.014285714285714285
    },
    "h": {
      "total": 70,
      "correct": 8,
      "accuracy": 0.11428571428571428
    },
    "i": {
      "total": 70,
      "correct": 0,
      "accuracy": 0.0
    },
    "k": {
      "total": 70,
      "correct": 1,
      "accuracy": 0.014285714285714285
    },
    "l": {
      "total": 70,
      "correct": 1,
      "accuracy": 0.014285714285714285
    },
    "m": {
      "total": 70,
      "correct": 0,
      "accuracy": 0.0
    },
    "n": {
      "total": 70,
      "correct": 19,
      "accuracy": 0.2714285714285714
    },
    "o": {
      "total": 70,
      "correct": 4,
      "accuracy": 0.05714285714285714
    },
    "p": {
      "total": 70,
      "correct": 0,
      "accuracy": 0.0
    },
    "q": {
      "total": 70,
      "correct": 0,
      "accuracy": 0.0
    },
    "r": {
      "total": 70,
      "correct": 0,
      "accuracy": 0.0
    },
    "s": {
      "total": 70,
      "correct": 0,
      "accuracy": 0.0
    },
    "t": {
      "total": 65,
      "correct": 0,
      "accuracy": 0.0
    },
    "u": {
      "total": 70,
      "correct": 14,
      "accuracy": 0.2
    },
    "v": {
      "total": 70,
      "correct": 1,
      "accuracy": 0.014285714285714285
    },
    "w": {
      "total": 70,
      "correct": 20,
      "accuracy": 0.2857142857142857
    },
    "x": {
      "total": 70,
      "correct": 1,
      "accuracy": 0.014285714285714285
    },
    "y": {
      "total": 70,
      "correct": 56,
      "accuracy": 0.8
    }
  },
  "confusion": [
    [
      8,
      0,
      0,
      0,
      44,
      0,
      0,
      2,
      2,
      0,
      0,
      0,
      2,
      6,
      0,
      0,
      0,
      0,
      0,
      0,
      0,
      1,
      0,
      5
    ],
    [
      0,
      15,
      0,
      0,
      0,
      0,
      0,
      0,
      0,
      0,
      0,
      0,
      19,
      22,
      0,
      2,
      0,
      0,
      0,
      7,
      0,
      0,
      5,
      0
    ],
    [
      0,
      0,
      0,
      0,
      46,
      0,
      0,
      0,
      0,
      0,
      0,
      11,
      3,
      2,
      0,
      0,
      0,
      0,
      1,
      0,
      0,
      0,
      0,
      7
    ],
    [
      16,
      0,
      0,
      0,
      1,
      12,
      0,
      14,
      0,
      4,
      0,
      0,
      7,
      8,
      1,
      0,
      0,
      0,
      0,
      6,
      0,
      1,
      0,
      0
    ],
    [
      11,
      0,
      0,
      0,
      19,
      0,
      0,
      9,
      0,
      0,
      0,
      0,
      20,
      7,
      2,
      0,
      0,
      0,
      1,
      0,
      0,
      1,
      0,
      0
    ],
    [
      12,
      0,
      0,
      0,
      0,
      9,
      0,
      10,
      0,
      0,
      3,
      0,
      8,
      1,
      1,
      0,
      0,
      0,
      17,
      0,
      0,
      9,
      0,
      0
    ],
    [
      0,
      0,
      0,
      0,
      0,
      0,
      1,
      12,
      5,
      0,
      1,
      0,
      0,
      0,
      4,
      42,
      0,
      0,
      0,
      0,
      0,
      0,
      5,
      0
    ],
    [
      0,
      0,
      0,
      0,
      0,
      0,
      24,
      8,
      14,
      0,
      0,
      0,
      0,
      0,
      2,
      21,
      0,
      0,
      0,
      0,
      0,
      0,
      1,
      0
    ],
    [
      12,
      0,
      0,
      0,
      0,
      0,
      0,
      15,
      0,
      0,
      1,
      0,
      3,
      6,
      1,
      0,
      0,
      0,
      0,
      0,
      0,
      26,
      0,
      6
    ],
    [
      0,
      12,
      0,
      0,
      1,
      11,
      0,
      0,
      3,
      1,
      3,
      0,
      12,
      5,
      1,
      0,
      0,
      0,
      4,
      14,
      0,
      0,
      3,
      0
    ],
    [
      2,
      0,
      0,
      0,
      7,
      15,
      0,
      23,
      4,
      0,
      1,
      0,
      0,
      0,
      0,
      0,
      0,
      0,
      0,
      0,
      0,
      0,
      0,
      18
    ],
    [
      13,
      0,
      0,
      0,
      29,
      0,
      0,
      1,
      0,
      0,
      0,
      0,
      10,
      12,
      1,
      0,
      0,
      0,
      0,
      0,
      0,
      0,
      0,
      4
    ],
    [
      22,
      0,
      0,
      0,
      16,
      0,
      0,
      3,
      0,
      0,
      0,
      0,
      19,
      7,
      0,
      0,
      0,
      0,
      0,
      0,
      0,
      0,
      0,
      3
    ],
    [
      2,
      0,
      0,
      0,
      51,
      0,
      0,
      0,
      0,
      0,
      0,
      5,
      0,
      4,
      0,
      0,
      0,
      0,
      0,
      0,
      0,
      3,
      0,
      5
    ],
    [
      0,
      0,
      0,
      0,
      0,
      0,
      20,
      19,
      0,
      0,
      0,
      0,
      0,
      0,
      0,
      0,
      0,
      0,
      0,
      0,
      0,
      0,
      0,
      31
    ],
    [
      0,
      2,
      0,
      8,
      5,
      0,
      19,
      0,
      3,
      1,
      4,
      0,
      0,
      0,
      4,
      0,
      0,
      0,
      0,
      0,
      0,
      0,
      1,
      23
    ],
    [
      0,
      2,
      0,
      3,
      0,
      7,
      0,
      0,
      1,
      0,
      7,
      0,
      4,
      8,
      0,
      0,
      0,
      0,
      0,
      16,
      0,
      0,
      22,
      0
    ],
    [
      7,
      0,
      0,
      0,
      32,
      0,
      0,
      1,
      0,
      0,
      0,
      0,
      11,
      14,
      1,
      0,
      0,
      0,
      0,
      0,
      0,
      0,
      0,
      4
    ],
    [
      12,
      0,
      0,
      0,
      27,
      1,
      0,
      11,
      0,
      0,
      0,
      0,
      1,
      13,
      0,
      0,
      0,
      0,
      0,
      0,
      0,
      0,
      0,
      0
    ],
    [
      0,
      12,
      0,
      3,
      2,
      12,
      0,
      0,
      4,
      3,
      7,
      0,
      1,
      1,
      0,
      0,
      0,
      0,
      1,
      14,
      0,
      0,
      10,
      0
    ],
    [
      2,
      15,
      0,
      6,
      1,
      6,
      0,
      0,
      2,
      9,
      2,
      0,
      3,
      4,
      0,
      0,
      0,
      0,
      0,
      19,
      1,
      0,
      0,
      0
    ],
    [
      0,
      17,
      0,
      0,
      0,
      0,
      0,
      0,
      0,
      5,
      2,
      1,
      1,
      10,
      0,
      0,
      0,
      0,
      0,
      8,
      3,
      20,
      3,
      0
    ],
    [
      0,
      0,
      0,
      0,
      0,
      4,
      0,
      1,
      0,
      2,
      3,
      0,
      26,
      27,
      5,
      1,
      0,
      0,
      0,
      0,
      0,
      0,
      1,
      0
    ],
    [
      3,
      0,
      0,
      0,
      1,
      0,
      0,
      0,
      0,
      0,
      0,
      0,
      0,
      7,
      1,
      1,
      0,
      0,
      0,
      0,
      0,
      1,
      0,
      56
    ]
  ]
}