{
  "total": 1675,
  "correct": 102,
  "accuracy": 0.0608955223880597,
  "per_class": {
    "a": {
      "total": 70,
      "correct": 0,
      "accuracy": 0.0
    },
    "b": {
      "total": 70,
      "correct": 17,
      "accuracy": 0.24285714285714285
    },
    "c": {
      "total": 70,
      "correct": 0,
      "accuracy": 0.0
    },
    "d": {
      "total": 70,
      "correct": 0,
      "accuracy": 0.0
    },
    "e": {
      "total": 70,
      "correct": 3,
      "accuracy": 0.04285714285714286
    },
    "f": {
      "total": 70,
      "correct": 0,
      "accuracy": 0.0
    },
    "g": {
      "total": 70,
      "correct": 18,
      "accuracy": 0.2571428571428571
    },
    "h": {
      "total": 70,
      "correct": 9,
      "accuracy": 0.12857142857142856
    },
    "i": {
      "total": 70,
      "correct": 3,
      "accuracy": 0.04285714285714286
    },
    "k": {
      "total": 70,
      "correct": 15,
      "accuracy": 0.21428571428571427
    },
    "l": {
      "total": 70,
      "correct": 0,
      "accuracy": 0.0
    },
    "m": {
      "total": 70,
      "correct": 0,
      "accuracy": 0.0
    },
    "n": {
      "total": 70,
      "correct": 11,
      "accuracy": 0.15714285714285714
    },
    "o": {
      "total": 70,
      "correct": 6,
      "accuracy": 0.08571428571428572
    },
    "p": {
      "total": 70,
      "correct": 0,
      "accuracy": 0.0
    },
    "q": {
      "total": 70,
      "correct": 16,
      "accuracy": 0.22857142857142856
    },
    "r": {
      "total": 70,
      "correct": 0,
      "accuracy": 0.0
    },
    "s": {
      "total": 70,
      "correct": 0,
      "accuracy": 0.0
    },
    "t": {
      "total": 65,
      "correct": 0,
      "accuracy": 0.0
    },
    "u": {
      "total": 70,
      "correct": 1,
      "accuracy": 0.014285714285714285
    },
    "v": {
      "total": 70,
      "correct": 0,
      "accuracy": 0.0
    },
    "w": {
      "total": 70,
      "correct": 3,
      "accuracy": 0.04285714285714286
    },
    "x": {
      "total": 70,
      "correct": 0,
      "accuracy": 0.0
    },
    "y": {
      "total": 70,
      "correct": 0,
      "accuracy": 0.0
    }
  },
  "confusion": [
    [
      0,
      0,
      0,
      3,
      0,
      0,
      0,
      4,
      8,
      17,
      15,
      0,
      0,
      0,
      1,
      1,
      0,
      0,
      0,
      5,
      0,
      0,
      16,
      0
    ],
    [
      0,
      17,
      0,
      0,
      0,
      0,
      0,
      0,
      0,
      0,
      1,
      0,
      1,
      1,
      6,
      0,
      0,
      0,
      0,
      11,
      0,
      30,
      3,
      0
    ],
    [
      1,
      0,
      0,
      1,
      0,
      0,
      0,
      2,
      0,
      0,
      36,
      0,
      5,
      7,
      0,
      18,
      0,
      0,
      0,
      0,
      0,
      0,
      0,
      0
    ],
    [
      0,
      0,
      0,
      0,
      0,
      2,
      0,
      5,
      0,
      2,
      0,
      0,
      0,
      0,
      25,
      3,
      0,
      0,
      0,
      1,
      0,
      32,
      0,
      0
    ],
    [
      0,
      0,
      0,
      0,
      3,
      0,
      0,
      13,
      0,
      0,
      10,
      0,
      19,
      2,
      6,
      4,
      0,
      0,
      8,
      0,
      0,
      5,
      0,
      0
    ],
    [
      0,
      0,
      0,
      0,
      0,
      0,
      0,
      0,
      0,
      1,
      12,
      0,
      0,
      0,
      36,
      10,
      0,
      0,
      0,
      0,
      0,
      11,
      0,
      0
    ],
    [
      10,
      0,
      0,
      0,
      0,
      0,
      18,
      18,
      0,
      0,
      0,
      1,
      0,
      0,
      0,
      2,
      0,
      0,
      0,
      0,
      0,
      0,
      0,
      21
    ],
    [
      0,
      0,
      0,
      0,
      0,
      0,
      41,
      9,
      0,
      0,
      0,
      0,
      0,
      0,
      0,
      0,
      0,
      0,
      0,
      0,
      0,
      0,
      0,
      20
    ],
    [
      9,
      0,
      0,
      0,
      0,
      0,
      0,
      10,
      3,
      0,
      2,
      0,
      1,
      0,
      37,
      6,
      0,
      0,
      0,
      0,
      0,
      0,
      0,
      2
    ],
    [
      0,
      5,
      1,
      2,
      0,
      3,
      0,
      0,
      0,
      15,
      2,
      0,
      13,
      22,
      1,
      0,
      0,
      0,
      1,
      0,
      0,
      0,
      5,
      0
    ],
    [
      1,
      0,
      0,
      0,
      0,
      7,
      2,
      19,
      1,
      0,
      0,
      0,
      0,
      0,
      30,
      5,
      0,
      0,
      0,
      0,
      0,
      0,
      0,
      5
    ],
    [
      2,
      0,
      0,
      0,
      0,
      0,
      0,
      13,
      4,
      0,
      21,
      0,
      19,
      5,
      1,
      4,
      0,
      0,
      0,
      1,
      0,
      0,
      0,
      0
    ],
    [
      0,
      0,
      0,
      0,
      0,
      0,
      0,
      16,
      9,
      1,
      12,
      0,
      11,
      3,
      11,
      4,
      0,
      0,
      0,
      0,
      0,
      0,
      3,
      0
    ],
    [
      5,
      0,
      0,
      8,
      0,
      0,
      0,
      26,
      0,
      0,
      11,
      0,
      5,
      6,
      0,
      6,
      0,
      0,
      0,
      3,
      0,
      0,
      0,
      0
    ],
    [
      8,
      0,
      0,
      1,
      0,
      0,
      46,
      14,
      1,
      0,
      0,
      0,
      0,
      0,
      0,
      0,
      0,
      0,
      0,
      0,
      0,
      0,
      0,
      0
    ],
    [
      1,
      0,
      0,
      0,
      0,
      0,
      0,
      3,
      0,
      0,
      4,
      0,
      0,
      7,
      7,
      16,
      0,
      0,
      0,
      0,
      0,
      0,
      30,
      2
    ],
    [
      0,
      3,
      2,
      9,
      0,
      18,
      0,
      0,
      0,
      3,
      1,
      7,
      10,
      0,
      2,
      3,
      0,
      0,
      0,
      0,
      0,
      12,
      0,
      0
    ],
    [
      0,
      1,
      0,
      2,
      0,
      0,
      0,
      10,
      5,
      0,
      18,
      0,
      22,
      2,
      5,
      0,
      0,
      0,
      0,
      2,
      0,
      0,
      3,
      0
    ],
    [
      0,
      1,
      0,
      0,
      0,
      0,
      0,
      1,
      8,
      15,
      19,
      0,
      1,
      1,
      0,
      0,
      0,
      0,
      0,
      7,
      0,
      0,
      12,
      0
    ],
    [
      0,
      5,
      0,
      2,
      2,
      12,
      0,
      0,
      2,
      10,
      0,
      1,
      0,
      2,
      0,
      0,
      0,
      0,
      0,
      1,
      0,
      33,
      0,
      0
    ],
    [
      0,
      10,
      0,
      0,
      0,
      3,
      0,
      0,
      0,
      2,
      3,
      0,
      6,
      30,
      2,
      6,
      0,
      0,
      0,
      6,
      0,
      2,
      0,
      0
    ],
    [
      0,
      10,
      0,
      0,
      0,
      0,
      0,
      0,
      0,
      0,
      0,
      0,
      15,
      2,
      0,
      0,
      0,
      0,
      0,
      33,
      3,
      3,
      4,
      0
    ],
    [
      3,
      0,
      0,
      0,
      0,
      3,
      0,
      7,
      3,
      15,
      13,
      0,
      14,
      1,
      4,
      2,
      0,
      0,
      0,
      5,
      0,
      0,
      0,
      0
    ],
    [
      0,
      0,
      0,
      8,
      0,
      0,
      2,
      26,
      0,
      0,
      4,
      0,
      1,
      0,
      9,
      9,
      0,
      0,
      0,
      0,
      0,
      0,
      11,
      0
    ]
  ]
}